Rank,Team,Best,Latest,Time,IsStudent
1,1: takonomura,51957,58207,17:58:46,学生
2,957: 第9西東京市,31035,55003,17:54:11,
3,307: // TODO: あとでちゃんとしたチーム名になおす,36765,52150,17:58:10,
4,7: 都営三田線東急目黒線直通急行日吉行,38722,48615,17:58:13,
5,937: ぱかぱかアルパカ,38053,43888,17:51:06,
6,177: チーム8年目,22192,41281,17:55:10,
7,157: 3年A組 大前先生,26805,39957,17:58:42,
8,385: 最上川,26339,37127,17:52:14,学生
9,651: Mr.Takeda,27440,37100,17:58:06,
10,37: 焼肉ジャンボチキン,33997,36810,17:51:02,
11,950: 白金動物園,23679,36300,17:50:11,
12,125: team k,14138,36218,17:56:38,学生
13,368: pikopiko,34203,35076,17:49:36,
14,290: IQ1,23607,34964,17:59:08,
15,373: amago,34688,34259,17:59:50,
16,110: かに,16360,32699,17:52:58,
17,350: negainoido,10107,31258,17:58:21,
18,70: たつや,29887,31013,17:53:29,
19,102: (´・ω・｀),39303,31002,17:57:28,
20,112: KatoMegumi,7720,30164,17:58:03,学生
21,114: ファイトファイトファイファイビーチ,23938,29846,17:54:06,
22,932: isucon_friends,29952,29811,17:55:38,
23,29: FetchDecodeExecWrite,19820,29629,17:59:27,
24,949: 4,20631,29587,17:59:11,
25,948: ウー馬場ーイーツ・ザ・ファイナル,21654,29386,17:53:03,
26,938: ミレニアムサイエンススクール,25618,28875,17:42:26,
27,665: tak,8935,28677,17:56:36,学生
28,240: II,17528,28582,17:53:52,学生
29,280: overcached!,22440,28156,17:57:03,
30,360: うどんきれいなGo,26149,28148,17:54:48,
31,936: SNE,27361,26988,17:47:58,
32,339: tetora,22143,26178,17:59:45,学生
33,976: 即興パフォーマンス2024（仮）,16903,25411,17:53:57,
34,847: kiai guided optimization,22444,24925,17:55:28,
35,993: iXi,16744,24766,17:53:52,
36,135: YAKINIKU PONGA Fan Club (案),12531,24691,17:50:59,
37,120: Maxif.,15728,24640,17:56:28,学生
38,351: 黒酢唐揚げサン丼,22809,24464,17:56:03,
39,311: DrinkAndRoot,22676,24432,17:59:34,
40,119: team rdk,21755,24028,17:55:08,
41,160: 流れ弾,15925,23584,17:58:45,
42,80: yugo,16234,23524,17:57:26,
43,427: 32階,20979,23324,17:57:52,
44,209: Dorayaki,14903,22823,17:59:22,学生
45,9: ultra_fast_gopher,19064,22776,17:55:40,
46,74: 上場承認おめでとうございます！,19305,22743,17:47:23,
47,964: 織時屋,13202,22574,17:56:06,
48,608: fuppy,28411,22413,17:56:15,
49,939: リアクティブ二子玉川～♪,8040,22396,17:58:04,学生
50,692: rooster,14690,22301,17:56:45,
51,399: cc4,16614,22274,17:50:50,
52,123: karamaru,20909,22225,17:51:50,
53,814: 疎通なし,17318,22118,17:55:07,
54,327: なかがわせいりゅう,8618,22103,17:57:26,
55,323: ★☆日本一のmember☆★,27025,21858,17:59:34,
56,448: Yeeeeeeeh,18639,21753,17:56:57,
57,999: チーム洋風海老名コミック,19527,21471,17:51:42,
58,329: kb,13728,21408,17:58:12,
59,525: 油山牧場,16894,21123,17:58:37,
60,336: koala,14178,20617,17:49:58,
61,406: ex-aifuler,8438,20401,17:58:06,
62,590: てんぽらりーねーむ,9477,19996,17:59:24,
63,79: 掃除当番,17751,19967,17:56:18,
64,811: Haste Makes Waste,16178,19374,17:58:03,
65,61: rocky,12832,19301,17:57:02,
66,19: くすサポISUCON部,15614,19290,17:48:03,
67,12: うおーっ,11923,19256,17:58:53,
68,116: さくたんさん,5533,19252,17:58:57,
69,432: ft_isucon,24096,19195,17:54:04,学生
70,272: HCG,11477,18935,17:56:43,
71,17: a,15147,18689,17:59:08,
72,104: 俺らのlatestMap,17243,18610,17:59:48,
73,952: なんかいい感じではやいやつ,16329,18461,17:58:54,
74,398: 百万円ドリブン,17455,17983,17:52:33,
75,861: Tofu-Company,11140,17905,17:58:42,
76,42: チームオガヨシ,13358,17782,17:46:46,
77,78: しすてむず,15726,17775,17:28:19,
78,603: sengine-xyz,17599,17730,17:57:54,
79,246: ぞい,15886,17625,17:57:58,
80,53: にゃーん,15283,17347,17:58:06,学生
81,124: ツナ缶,7752,17110,17:59:53,
82,869: 株式会社イーグルジャンプ秋葉原ラボ,13759,17089,17:58:39,
83,222: morupoppo,10213,16983,17:57:43,
84,211: avengers,10557,16794,17:58:25,
85,49: ファストフードバカメニュー同好会,14246,16759,17:55:11,
86,897: yukiend,8236,16670,17:55:22,
87,669: soba,12271,16622,17:59:19,
88,935: daku10,16203,16553,17:58:53,
89,331: westlabOB,16009,16453,17:59:37,
90,868: しんせん,18473,16445,17:58:50,
91,775: Cross Incubator,11456,16357,17:57:05,
92,67: swamp,19966,16224,17:57:26,
93,989: 温かみのあるシェルスクリプト同好会2,16209,16174,17:58:30,
94,632: o,13650,16152,17:49:39,
95,712: eyJhbGciOiJIUzI1NiIsInR5cCI6IkpXVCJ9.eyJzdWIiOiJ0ZWFtIGp3dCIsInRvZG8iOiJjYXJyb3QscG90YXRvLG9uaW9uLHBvcmsifQ.3GLjAe5ekYhmZO4BrGpvz7p672ylehgYOoao12cxK54,16097,16109,17:50:03,
96,546: 王立加速機,14956,16017,17:49:58,
97,193: hazumi,16424,15826,17:55:11,
98,41: hoge-times,16091,15543,17:56:22,
99,32: 日々楽しく開発しています,9540,15532,17:25:31,
100,487: HEAVIEST OBJECTS IN THE UNIVERSE (./target),7919,15306,17:51:28,
101,769: damnation,6758,15290,17:59:48,
102,107: 会社の犬,10391,15059,17:56:39,
103,980: カラアゲネイティブ,13395,14987,17:58:57,
104,519: 沖野んち,10345,14877,17:55:25,
105,557: CatBoys,12721,14847,17:56:41,
106,567: kuwagata,8748,14833,17:55:30,
107,2: ムーザルペッパー,11704,14783,17:56:01,
108,953: dbgofy,9644,14742,17:55:26,
109,165: appo,14383,14579,17:58:34,
110,382: BLTsandwich,10124,14337,17:59:58,
111,518: anonymous998,14955,14194,17:59:30,
112,194: 絶対優勝するんだから！,13935,14091,17:52:46,
113,322: ISUラダファミリア,16166,14066,17:55:28,
114,445: shinjuku,13242,14006,17:58:08,
115,484: ハリー・ポッターと賢者のEC2,8720,13907,17:51:09,
116,649: bamboooo,15085,13817,17:57:57,
117,781: ホッピーセット,7485,13804,17:58:41,
118,344: Maximum-Y.N.K.S,13341,13766,17:49:24,学生
119,967: たんぽぽの上の刺身,13170,13483,17:53:05,
120,945: ジャワカレー中辛,7211,13311,17:55:17,
121,752: 行けたら行く,11573,13287,17:57:54,
122,118: すぷりーむ！,5840,13263,17:55:20,学生
123,103: ちゅら太郎ズ,7231,13222,17:45:55,
124,145: blue最高！,15833,13188,17:54:43,
125,941: 紙の保険証,13586,13033,17:56:08,
126,304: foody,16875,13029,17:57:04,
127,734: urcharn,6586,13014,17:46:05,学生
128,540: 聖なるアラートヶ丘,14958,12981,17:49:22,
129,974: カフェインと豆の伝道者,12886,12903,17:50:00,
130,192: ponponpain,5966,12897,17:54:50,
131,47: ゆね～る,6962,12870,17:56:30,学生
132,531: ECF,8298,12790,17:53:19,
133,172: narinari,9294,12728,17:55:56,
134,131: MML,4339,12549,17:51:31,学生
135,225: ktc-isucon-bu,6563,12514,17:55:44,
136,72: わかんないッスー!!!,10726,12488,17:59:49,
137,378: チーム名決めないと,9054,12452,17:50:56,
138,220: うぇいぶにゃいだーず,8395,12443,17:42:44,
139,51: チームV,12470,12443,17:58:51,
140,188: Team GI,10067,12306,17:56:41,
141,77: cktf9,13536,12196,17:59:57,
142,757: いい感じにスピードアップし隊,7655,12192,17:56:14,
143,959: .dat,11175,11923,17:57:21,
144,472: ヨシヤマタロウ,12373,11801,17:52:42,学生
145,353: 後で名前を考える,9725,11791,17:56:06,
146,196: ながらうし,8341,11642,17:55:57,
147,92: TF,3341,11609,17:56:42,
148,106: nanase,9805,11598,17:57:35,
149,424: MVELers,4940,11547,17:58:52,
150,645: 痛風予備軍,13447,11527,17:51:28,
151,117: たらればガムテープ支店,10336,11471,17:57:28,学生
152,724: 大崎ところてんず,4514,11423,17:50:45,
153,152: 推しのGO,9851,11355,17:51:22,
154,374: tohokud,10674,11272,17:59:40,
155,416: Paca,4378,11246,17:57:34,学生
156,6: s,10322,11116,17:55:58,
157,673: live_ikitai,7308,11031,17:59:52,
158,610: DDD,5497,10928,17:51:44,
159,905: Zero Knowledge,12283,10914,17:54:30,
160,276: HRZN,11084,10911,17:28:45,
161,212: まか,10229,10883,17:56:35,
162,698: ¥¥¥¥¥¥,6776,10784,17:55:01,
163,689: こういう時の命名センス絶望的だけど聞くかい？ 決めてもらっていいんだぜ,8300,10764,17:52:24,
164,467: ソイジョイ,11107,10471,17:41:40,
165,803: 完璧な一日,8791,10285,17:58:36,
166,541: サーバーときどき猫、時々かたつむり,9798,10156,17:51:45,
167,5: メンタイココア,8984,10086,17:56:14,
168,111: ayataka,10607,10037,17:33:58,
169,429: Nozomi,5594,9995,17:57:09,
170,656: InfraNinja,5664,9966,17:56:18,
171,234: 麺とコードのデバッグ隊,5125,9884,17:54:19,
172,241: デュアル同好会,8895,9812,17:40:17,
173,778: tmp-zsk,4775,9681,17:45:17,
174,95: pythonista,16207,9655,17:58:43,
175,363: 快適PandAScript,9769,9645,17:59:10,学生
176,63: ラッキー小杉乗り過ごし,5872,9537,17:56:35,学生
177,644: ともやんぴー,7540,9489,17:57:56,
178,833: 松木家,7766,9460,17:57:32,
179,346: ownma,9615,9263,17:59:27,
180,204: TeamYVR,9140,9239,17:54:27,
181,297: msnk (monaka),3100,9222,17:58:56,
182,59: tokiwa,9330,9213,17:58:32,
183,394: SchickSchickSchick,7907,9201,17:57:06,
184,615: 滑り込みセーフ,1481,9183,17:55:45,
185,981: 筋肉と型は裏切らない,8522,9088,17:46:39,
186,15: ISU娘りたーんず,4501,8965,17:48:19,
187,386: 日吉の民,7239,8896,17:58:14,
188,3: RPC,9160,8878,17:55:36,学生
189,818: 忘却のビアガーデン～2024～,8616,8857,17:57:03,
190,38: OSK,10059,8820,17:58:18,
191,488: Finatext,8832,8773,17:58:12,
192,83: yuruisucon,8940,8750,17:59:36,
193,648: yumiyao,8917,8725,17:54:50,
194,239: ポテナゲ大,8501,8709,17:58:04,
195,259: オニコンブ,12985,8703,17:58:19,
196,560: aderia,8407,8700,17:57:42,
197,473: 大阪や はよ画面開けんかい,12784,8584,17:59:27,
198,822: ドデリド2,3280,8566,17:52:18,
199,848: mnv_shadow_beast,8505,8481,17:56:49,
200,258: mtm,11444,8472,17:54:48,
201,129: afs,8179,8470,17:37:29,
202,22: guts,7891,8462,17:53:42,
203,317: 居眠り遠征隊,8680,8430,17:54:14,
204,101: KOIL507,7924,8414,17:58:27,
205,266: きつね・つきみ・てんぷら,10447,8413,17:52:38,
206,954: かにえんがわはもなべ,7771,8357,17:57:35,
207,26: SMTP,8243,8347,17:55:49,
208,36: FPaS,8208,8331,17:58:52,
209,867: アホウドリの迷信,12048,8320,17:57:55,
210,52: 慎太郎,7977,8319,17:42:26,
211,821: 地下四階から目薬,5215,8312,17:59:01,
212,507: SysCa,5864,8304,17:56:53,
213,864: ラーミョンモコガレ,8397,8256,17:55:56,
214,191: だじゃれハッピー,8174,8216,17:39:25,
215,301: はやぶさ is comming,6699,8210,17:50:43,
216,10: ichigen,7163,8197,17:59:23,
217,255: ICE-CREAM-D-SANDWITCH,10156,8190,17:59:13,
218,604: lovelily,7669,8156,17:47:01,
219,203: hidekiy,7934,8118,17:59:12,
220,599: ラストマイル,8381,8105,17:58:19,
221,164: funwarichair,7510,8099,17:57:37,
222,349: 原人,6026,8097,17:56:12,
223,458: ug,8596,8096,17:44:29,
224,493: すたぁらいと,8576,8092,17:56:43,
225,153: floret,9421,8079,17:55:17,
226,166: 公立はこだて市営地下鉄,9542,8079,17:56:57,学生
227,314: 琉球覇王いな卍@喧嘩無双,6861,8033,17:30:48,
228,3311:54:00,8618,7966,17:56:32,
229,69: NorthGate,6014,7949,17:53:52,
230,693: not int must be str,5106,7948,17:59:07,
231,251: チーム山田,5110,7899,17:55:43,
232,776: KSG,6884,7891,17:45:02,
233,23: MobileEngineers,9353,7878,17:57:42,
234,413: shiitake,6719,7868,17:59:09,
235,82: あたまのわるいひと,7346,7774,17:56:49,
236,702: デビエ,8075,7774,17:57:05,
237,155: ツチノコ,3509,7758,17:31:01,
238,468: ぽ,6206,7714,17:59:45,
239,33: tmp,7033,7706,17:41:01,
240,348: パピルス,6496,7687,17:58:23,学生
241,35: 白金の妖怪,7173,7686,17:57:49,
242,248: パリパリ餃子,4617,7663,17:45:24,
243,379: Carcinization ≧(゜∀ ゜)≦,1435,7660,17:59:21,
244,637: dgbfgbgfdbfd,9540,7654,17:59:36,
245,708: novasto,6736,7635,17:59:57,
246,315: comiso,7435,7624,17:53:52,
247,108: 高速かたつむり,7193,7611,17:34:24,
248,142: たまいたち,6253,7602,17:55:41,
249,14: Sの意志を継ぐ者,5366,7578,17:57:38,
250,534: rakko,5164,7571,17:52:15,
251,274: Create Speedy Logic,6275,7485,17:57:47,
252,505: cool_server,13339,7473,17:55:01,
253,554: 雪んこ茶房,5723,7447,17:50:14,
254,113: slasher,1311,7395,17:56:23,
255,699: パンダさん,4830,7393,17:57:34,
256,593: やえすのスワンレイク,8279,7369,17:58:35,
257,904: さばかんっ！,7013,7354,17:52:00,
258,271: ぼーぼぼぼ,5870,7292,17:57:13,
259,679: アスタキサンチン,5867,7268,17:45:57,
260,48: Groundhog Day,8471,7227,17:55:50,
261,491: go2042,7812,7195,17:22:05,
262,178: 香る明治屋ガロファロ,7414,7187,17:55:05,
263,626: hedwig,6532,7134,17:38:13,学生
264,358: ark,7200,7094,17:54:12,学生
265,181: 白線,7439,7037,17:52:23,
266,171: kataokatsuki,6632,6994,17:58:56,
267,676: suburi,5729,6877,17:59:05,
268,532: kanikani,7307,6855,17:58:35,
269,85: エッセンシャルガチ草ﾄﾒｨﾄｩ,7100,6827,17:54:59,
270,130: もち,4057,6821,17:58:09,学生
271,454: アオリイカ,7219,6816,17:52:24,
272,996: buchy,5348,6803,17:58:28,
273,100: thhisu,1716,6765,17:45:46,
274,537: チームもとおか,5165,6754,17:52:14,
275,176: 01J8HTRXXGFMEG3J5YCMYNKCHS,7825,6748,17:59:14,
276,512: 運用週,1800,6674,17:38:17,
277,132: MONOS,6498,6659,17:50:52,学生
278,684: 銀ヤンマ,5445,6645,17:57:01,
279,133: あかべこ,3834,6604,17:46:12,
280,738: R03,3132,6567,17:56:53,
281,401: R-Bronze,6236,6555,17:59:33,
282,141: a-company,7195,6512,17:54:14,学生
283,372: たこたこ,3758,6494,17:52:24,
284,906: RENCON,8243,6485,17:47:02,
285,622: サモエド,1186,6479,17:57:36,
286,837: rarara~,6454,6435,17:59:08,
287,482: OC,5573,6420,17:58:47,
288,719: ラーメンハゲ,4685,6382,17:57:56,
289,486: カフェイン摂取ねこ,6382,6380,17:38:37,
290,419: 毎日が最終回,4409,6371,17:50:34,
291,442: smirror,7259,6342,17:55:23,
292,409: system2ka,6377,6286,17:58:19,
293,958: エスタンシア,8186,6273,17:56:59,
294,60: 千駄ヶ谷データセンター,6422,6271,17:45:53,
295,807: redstone,6417,6203,16:29:31,
296,68: indo8,3627,6114,17:56:48,
297,411: ガーディアンズv,4109,6102,17:43:34,
298,287: 契約イージー,3555,6069,17:53:01,
299,782: Zakkin,7874,6040,17:52:55,
300,650: 賞金で借金返済,5144,6033,17:58:16,
301,397: CONAC,6433,6013,17:56:28,
302,202: bs5,5269,5964,17:59:46,
303,838: BTM,6476,5943,17:50:01,
304,175: bignome,6048,5920,17:52:21,
305,431: nabemaru,6358,5906,17:57:53,
306,371: 鷹の肩ガタガタ,6549,5898,17:58:56,
307,962: 最速の鯖缶,4346,5853,17:56:53,
308,369: CATL,5944,5851,17:59:07,
309,434: fukuoka,5913,5836,17:43:55,
310,634: 塩昆布,5777,5780,17:55:41,
311,365: わびさび,5966,5725,17:59:29,学生
312,198: いちまる,3531,5703,17:54:44,
313,535: ak,5691,5691,16:01:24,
314,300: チーム秘密会議,6497,5598,17:54:56,
315,414: mettametta,5408,5591,17:32:16,
316,139: BigTreeDeer,4973,5583,17:56:31,
317,876: from北海道,1146,5570,17:54:33,
318,219: tsuzuki-takaaki,5882,5568,17:57:48,
319,144: コーカサスオオカブト,3476,5530,17:52:43,
320,396: ハヤブサの流れ星,2503,5529,17:57:41,
321,347: shibukazu,8972,5527,17:59:23,学生
322,768: 麻婆豆腐,5153,5502,17:50:47,
323,879: Iris,5711,5499,17:59:12,
324,942: Mirrorman,2667,5452,17:55:43,
325,464: ShareHaimu,5176,5449,17:55:49,学生
326,328: ジェンガ,6238,5442,17:47:58,
327,224: メディカルホース,6153,5433,17:58:36,
328,759: りゅうさん,4629,5429,17:55:48,学生
329,435: torima,7745,5421,17:57:31,学生
330,503: mk,8011,5417,17:36:02,
331,703: Ads,5101,5375,17:58:44,
332,965: ゆるっと,4344,5270,17:58:14,
333,646: 豚汁補充,6946,5267,17:59:33,学生
334,180: oasis,4911,5263,17:55:27,
335,354: ケーキ屋さん見習い,4964,5255,17:59:43,
336,561: 田端商工会議所,5423,5220,17:32:08,
337,618: 産技三上組,4981,5196,17:48:30,
338,206: NAT越え同好会,5678,5187,17:13:58,
339,542: SDD(睡眠駆動開発),5251,5185,17:46:26,
340,94: がブリチキン。,4703,5162,17:51:01,
341,641: じぶりん王国,1992,5135,17:58:17,
342,510: SkyLab,5199,5126,17:58:50,
343,619: ラテドラムダンダン,4016,5092,17:58:48,
344,786: 猫かわいい,5654,5068,17:48:08,
345,609: 情報実験第5,5196,5062,17:56:24,
346,836: CaffeinEngine,2618,5008,17:57:16,学生
347,687: Game Changer,5062,5002,17:57:05,
348,306: reg7777,5562,4990,17:08:35,学生
349,418: 昼飯はカロリーメイト,4905,4976,17:58:41,
350,670: Node Nomads,2911,4973,17:59:49,
351,960: 天下n品,5259,4918,17:57:58,
352,319: 日中韓椅子痕研究会,4967,4891,17:57:37,
353,295: let’s go joji,3620,4784,17:58:52,
354,671: JSON・ボーヒーズ,4997,4748,17:55:02,
355,717: 箱根温泉同好会,4956,4713,17:50:08,
356,402: 23poker,4677,4701,17:54:41,
357,223: kiroku,4925,4660,17:59:49,
358,21: AnkenDU,6323,4648,17:59:35,
359,908: チームブリアンション,5123,4639,17:44:22,
360,355: mISU53rd,3969,4637,17:56:46,
361,969: K3,4569,4631,17:58:32,
362,332: はにわコロッケ,8812,4628,17:59:46,
363,506: 3DS,2979,4549,17:58:06,
364,606: イケイケベンチャー,2997,4541,17:59:59,
365,168: :thinking_face:,5623,4505,17:58:45,
366,524: hoyoyoyo,4559,4495,17:52:26,
367,968: 漆黒のすぐちむ,4646,4452,17:58:13,
368,345: Astucle,3806,4382,17:57:10,
369,530: Team Spark,4805,4378,17:55:40,
370,84: ぽえぽえごー（仮）,4528,4365,17:54:44,
371,799: らんち,4466,4341,17:50:45,
372,963: infra_test,4309,4310,17:57:37,
373,221: sniff the nekko,3627,4268,17:56:30,
374,718: 賞金は借金の返済に充てます,4337,4240,17:52:54,
375,529: first commit,4739,4232,17:47:07,
376,612: がんばろ〜,3825,4219,17:49:45,
377,238: エビを食べる会,4779,4217,17:59:27,
378,812: UOOO,4634,4212,16:46:48,学生
379,158: 天空の玉子,3872,4197,17:56:52,
380,393: citruz,4231,4193,17:53:44,学生
381,760: よしなに,4125,4186,17:58:13,学生
382,485: チーム元IBM,4361,4183,17:46:04,
383,263: 水分補給,6682,4174,17:58:25,学生
384,341: えい,4211,4172,17:57:30,学生
385,425: Bugっと！プリキュア,4042,4160,17:55:13,
386,28: cryptid,3957,4151,17:58:49,
387,163: wgureimons,4483,4126,17:00:47,
388,564: DSE,4261,4126,17:59:01,
389,13: かえるやさん,5248,4115,17:58:16,
390,695: JTC,3484,4114,17:52:49,学生
391,283: WONDA,4311,4084,17:58:51,
392,316: 激凸上等,4302,4061,17:55:30,
393,343: Podestrians,4148,4053,17:59:18,学生
394,994: moudameda,3463,4043,17:51:15,
395,672: yama,4192,4035,17:46:24,
396,490: Buzz Zone,3133,4024,17:49:52,
397,516: Akabane,3563,4015,17:57:58,
398,704: orange,2992,4009,17:58:13,
399,109: nakatanakatana,4055,4007,17:49:54,
400,940: 失敗から学ぶISUCONの正しい歩き方,5759,3976,17:59:55,
401,149: ピーター・パーカー,3307,3939,17:58:58,
402,440: とうふ探検隊,3349,3907,17:58:36,学生
403,594: asaii_tone,3901,3899,15:52:47,
404,638: Webii,4316,3897,17:30:44,
405,156: モフモフホース,1125,3892,17:59:02,
406,54: ラムや羊や,3959,3854,17:41:21,
407,189: TSF,3952,3845,17:58:39,学生
408,161: JetSauna,4118,3799,17:49:09,
409,439: メタスラ野郎,4700,3764,17:58:11,
410,325: FandF,3596,3758,17:58:05,
411,971: ぽよ,3754,3742,17:32:07,
412,456: DYOUS,4250,3742,17:43:46,
413,559: rarara,3551,3683,17:57:42,
414,556: 青空太郎,4280,3675,17:57:19,
415,566: MFJ,3327,3664,17:56:12,
416,318: isutomato,2470,3664,17:59:06,学生
417,430: 情報を食っているんだ!,9930,3658,17:37:21,
418,364: P-Space,3371,3642,17:57:14,
419,249: 急速実感,3545,3634,17:59:12,
420,515: RiST2,3931,3613,17:58:24,学生
421,43: いすこんがさき、しゅうろうはあと,2700,3583,17:44:48,
422,140: チームひろし,3639,3568,17:48:58,
423,128: Maxipus,4027,3546,17:58:02,学生
424,477: たまごやま,3792,3517,17:59:54,
425,395: 疲労コンパイラ,3439,3499,17:55:59,
426,601: ディスカバリー長崎,4812,3487,17:58:46,
427,93: World Dominators,5505,3474,17:59:59,学生
428,461: マナップ,1883,3470,17:50:35,
429,758: tanren,3490,3450,17:57:16,
430,340: Infant Engineer,2062,3409,17:57:57,
431,57: Fratty,3489,3387,17:58:57,
432,179: たなからバターもち,3034,3380,17:59:01,
433,756: マッスル,3163,3365,17:55:52,
434,589: rk6i79a3h4bw,2874,3345,17:57:59,学生
435,617: デッドリフト大好き,3309,3344,17:57:51,
436,136: 夏のせいろ,3222,3313,17:50:55,学生
437,522: ikbk.net,2987,3306,17:54:47,
438,417: kikuko72チーム,1172,3304,17:42:20,
439,558: mkmkmk,7090,3302,17:56:51,
440,544: nyanyanyanya,3365,3287,17:23:12,
441,686: めがね,3406,3257,17:58:28,
442,661: sohmens,3399,3231,17:54:38,
443,569: Team-hana,3060,3216,17:44:31,
444,465: ちゅ、揮発性。,3151,3209,17:54:42,
445,766: チーム名,3468,3201,17:54:55,
446,356: cc3,3612,3193,17:59:03,
447,878: オールドハウス,3039,3161,17:59:04,
448,389: すず音,3179,3148,17:36:35,学生
449,785: メンヘラコールセンター,3647,3127,17:56:28,
450,184: QPM,3350,3082,17:57:09,
451,629: catgrass,960,3071,17:25:53,
452,850: static_sushi,3062,3062,16:34:37,
453,731: FMさばチーム,3903,3054,17:55:11,
454,50: okwrtdsh,1744,3051,17:52:21,
455,860: ボッチコン,2775,3027,17:15:31,
456,577: かりものの知恵,3270,3020,15:20:25,
457,147: ドラゴンファイターズ,1936,3009,17:59:14,
458,653: Donchan Dash!!,3634,2976,17:42:09,
459,901: カオスケーキファクトリー,2901,2975,17:58:54,
460,288: しばいぬ,3400,2968,17:51:57,
461,633: megmegiizo,6612,2965,17:49:01,
462,592: yakisoba,3107,2954,17:55:15,
463,881: サイドチェスト,2773,2947,17:44:40,
464,597: おpythonエンジニア,3051,2943,17:59:57,
465,621: minmin,2324,2937,17:51:23,
466,273: キャベツ株式会社,4969,2914,17:59:39,
467,839: がんばります*************,3207,2902,17:59:56,
468,647: R02,2201,2884,17:54:52,
469,268: 勇者部豊浜支部,2880,2869,17:52:51,
470,216: SakuSakuTempura,2629,2853,17:54:22,
471,143: ギャルに優しいオタク,3085,2851,17:56:57,
472,682: Hs,3047,2847,17:54:56,
473,256: bsl_krmt_mo,3316,2813,17:55:07,
474,572: yoi-shot,1169,2803,17:55:03,
475,388: Matilda_babies,3308,2781,17:57:10,
476,824: perftester,3026,2780,17:58:29,
477,105: FILL_ME_LATER,2964,2777,17:47:57,
478,580: ラーメン食べたい,2476,2728,17:59:06,
479,478: Hayamix,9569,2713,17:59:39,
480,207: Satsuma Tokyo,8533,2705,17:56:06,
481,771: 食道楽,2779,2704,17:54:56,
482,654: haigyo,2600,2694,17:58:57,
483,481: さらば、BTCの光,3057,2688,17:56:38,
484,575: 常にメモリリーク,3203,2676,15:54:36,
485,720: おこクロワッサン,2923,2652,17:54:15,
486,262: RAT23,932,2631,17:50:32,学生
487,931: 焦がしニンニク輸送船,3103,2629,17:59:03,
488,286: ᓚᘏᗢ ᓚᘏᗢ,3335,2625,17:59:01,
489,460: チームひなあや,2585,2607,17:49:27,
490,831: ISUCON楽しい,2826,2606,17:07:08,
491,150: odango,2500,2598,17:56:56,
492,412: zuto9,3197,2571,17:59:24,
493,87: hakodate-a05,1644,2566,17:54:37,学生
494,662: ぽいふる,1267,2559,17:38:31,
495,127: 新宿動物園,2845,2542,17:59:43,
496,39: DOUBLE RAINBOW DREAMS,2777,2527,17:59:45,
497,357: さんぽ駆動開発,2729,2470,17:59:18,学生
498,553: SSR,1096,2452,17:59:37,
499,303: 未来太郎,1838,2447,17:59:09,
500,944: オレンジベニト,2936,2400,17:37:24,
501,639: tomoyukiy,4571,2358,17:39:07,
502,337: 砂林,1762,2333,17:57:47,
503,709: 301F,2789,2331,17:58:42,学生
504,508: μラボ,1258,2274,17:58:05,学生
505,570: intellilink-ags,1447,2273,17:51:10,
506,293: もつ煮,3066,2252,17:54:08,学生
507,403: バリバリ全開！CPU暴走族,983,2249,17:59:30,
508,138: 神速ピヨダチョウ突撃隊,2751,2241,17:51:16,
509,865: ミステリアスアイランダーエックス,2626,2232,17:53:20,
510,313: Hedgehog,3695,2177,17:53:52,
511,726: :sushi::beer::three:,1194,2168,17:53:47,
512,789: いあいあ,2284,2158,17:49:52,
513,170: うぇいぶわんだーず,2190,2157,16:47:15,
514,451: Rust完全に理解した,2329,2128,17:33:39,
515,312: 社会を担う責任感,2263,2126,17:56:52,
516,623: taketen,2429,2093,17:58:22,
517,420: てくせん,2658,2017,16:15:51,
518,218: YoRaKu,2677,2000,17:59:38,
519,281: 魚雷幼稚園,2287,1985,16:49:49,
520,587: チームスイートポテト,1823,1950,17:53:58,
521,853: UniProject,3544,1930,17:28:23,
522,443: 留年間近,1255,1930,17:59:03,学生
523,736: ODA★CHANNEL,935,1901,17:57:33,
524,713: 大三元,1141,1886,17:57:56,
525,917: む,1326,1831,17:38:11,
526,681: まるまらーめん,1887,1827,17:52:55,
527,551: つなかん,2010,1803,17:53:37,
528,882: 新宮島,1214,1794,17:54:36,
529,947: fj-donuts,3878,1781,17:59:28,
530,862: moshroom,1517,1770,17:58:31,
531,830: HumanS Lab,3014,1749,17:59:03,学生
532,770: チームポテサラ,1545,1741,17:42:21,
533,197: es,2384,1646,17:49:57,
534,655: isuchari,1701,1592,17:56:03,
535,620: nouse,1365,1565,17:58:15,
536,694: 仮,1749,1550,17:21:36,
537,714: neko,1505,1542,17:47:10,
538,270: RRY,1300,1494,17:52:18,学生
539,182: Triple Triple,1161,1486,17:59:50,学生
540,925: aburasoba,2412,1467,13:38:45,
541,923: teamRAT,1905,1436,17:55:53,学生
542,410: beliefarrow,2650,1428,17:06:56,
543,550: おれここ,3817,1423,17:57:26,
544,99: 楠犠,1917,1397,17:46:56,
545,739: KogCoder,1268,1395,17:58:55,学生
546,91: ハンブルカマボコ,4687,1363,17:54:41,
547,921: 品川週間,1529,1355,17:59:59,
548,284: ririry,1547,1345,17:53:20,
549,562: naomasa,1687,1332,17:58:00,
550,96: Ash function,1413,1327,17:49:45,
551,728: MBW,1208,1317,17:43:20,
552,137: STK,1586,1303,17:55:53,
553,89: ECC IoT部,1500,1302,17:59:28,学生
554,991: 炊き立てご飯,966,1286,17:44:01,
555,536: acchanAlexander,3395,1269,17:59:01,
556,195: DTLS2010,5940,1267,17:53:03,
557,244: ちゃ,1519,1262,17:58:06,
558,872: RiST,1175,1256,17:59:28,学生
559,422: かぴばら,1302,1254,17:28:16,
560,475: kgrzk,1244,1244,16:40:23,
561,863: Yuro,1177,1239,17:53:24,
562,828: mk4421,1207,1204,17:56:16,
563,875: Level Up,1181,1181,15:40:17,学生
564,55: 犬を愛そう,1219,1174,17:49:00,
565,690: SQLインジェクターズ,1168,1169,17:59:24,
566,466: WAIDORO,1116,1150,17:35:11,
567,250: GrowthHackersJonA,1140,1140,10:27:51,
568,548: rint,1254,1134,16:55:48,
569,912: 同じビル,1238,1132,17:59:05,
570,370: KoalaAce,1083,1113,17:27:55,学生
571,970: kosababa,1203,1113,17:53:02,
572,745: mokumoku,1161,1110,17:58:24,
573,741: ochakumi,1208,1108,17:36:15,学生
574,186: DHC,1450,1106,17:59:00,
575,797: ぐ,1182,1081,17:52:07,
576,751: 焼きとうもろこし(果物),1479,1074,17:58:55,学生
577,539: ijgnoita,860,1061,17:57:50,
578,423: Valanga,1193,1057,10:35:51,
579,826: catChaki,1595,1056,17:58:41,
580,607: ラーメン赤犬,916,1055,17:54:57,
581,526: team-11,912,1050,17:51:47,
582,437: IMAGINE THE Pin<Box<dyn Future<Output=()>+Send+'static>>,1027,1050,17:54:11,学生
583,842: ぱろすぺしゃる,3439,1048,17:47:57,
584,730: mint,1037,1037,11:38:56,
585,888: きじくん,1023,1023,13:49:55,
586,264: ふうんふーん♪,1314,1020,16:54:36,
587,804: Blitz,1110,1019,17:36:21,
588,808: dennouken,1161,1019,17:46:52,
589,376: Optimize Otaku,952,1016,17:58:31,
590,854: Rako,935,1013,17:29:51,学生
591,855: 座るより寝っ転がり隊,1130,1003,17:53:30,学生
592,721: marmalade,1224,1003,17:54:15,
593,765: NavyChair,1541,1001,17:43:02,
594,933: おるたんしあ,1056,1000,17:57:30,
595,755: ntomoya,1033,991,14:42:13,
596,474: PNT,1262,988,17:47:38,
597,579: LRLIKEBROTHER,1102,986,17:59:00,
598,707: つむの,1231,985,17:58:30,
599,381: GitOps推進委員会,1117,977,16:36:56,
600,825: ワオワオワオワオキツネザル,977,969,17:44:29,学生
601,330: takak,1360,967,17:54:30,
602,691: ni,1139,954,10:26:52,
603,813: DON,1200,942,17:51:19,
604,257: ノルウェージャン,1709,938,17:59:44,
605,527: Bros,1004,927,17:55:08,
606,585: うるるん滞在記,1175,915,17:56:53,
607,455: なんとかなれー,915,913,12:50:37,
608,242: TPAC,1147,900,11:09:24,
609,591: 白いもけもけ,1052,899,17:45:32,
610,494: タラ1号,893,893,11:29:04,
611,894: shinoshino,1143,888,10:50:06,
612,415: USS,2103,882,17:58:00,
613,230: :zenyowa:,1324,879,17:58:34,学生
614,438: cube,876,876,12:01:24,学生
615,677: morita,4922,863,15:32:44,
616,545: elab1,1201,862,15:42:09,学生
617,715: kanataso,1118,857,17:03:49,学生
618,877: vitality,869,852,17:35:22,学生
619,805: 三人集まれば文殊の知恵,1032,848,17:40:47,学生
620,498: Team Yuoreis,1130,848,17:52:33,学生
621,657: M.T,645,834,17:18:48,
622,444: xss,881,820,11:09:23,
623,845: tenne,976,810,17:56:41,
624,827: ゅ,808,808,16:15:25,
625,452: ネコチャンダイスキ,1044,772,17:43:18,
626,658: あばばば,993,763,14:36:30,
627,285: 吉祥寺から来た,861,743,11:52:00,
628,780: スヴェンとオキちゃんとバラマツ,1016,741,16:28:26,
629,245: KNPT,1081,714,14:39:10,
630,261: かきあげせいろ定食,1155,712,17:38:44,
631,880: きのこ,940,702,17:57:16,
632,62: taemath,987,699,17:24:11,
633,794: Koo Imai,1099,691,17:46:37,学生
634,565: Daifuku,893,680,17:55:45,
635,568: kstm,1363,659,17:45:19,学生
636,685: doinkya,1200,656,15:15:06,
637,489: i_scn,946,652,17:50:38,
638,997: Named Tuplestore Scan,1215,646,13:01:18,
639,635: M,1063,642,17:11:25,
640,927: ファルコン2024,903,635,16:53:48,
641,243: はやね はやおき あさごはん,901,630,17:58:06,
642,400: いい感じに継続して集まっている人たち,1051,586,17:50:31,
643,806: yamato,999,559,17:53:36,
644,903: なかよし🫶,1059,526,15:32:37,
645,495: team sasamon,14485,371,17:57:40,
646,946: jakoten,1189,342,17:59:16,
647,237: 太郎の命,992,0,12:13:44,
648,801: ぼっち,1291,0,14:32:59,
649,296: bochibochi,999,0,15:53:05,
650,405: コーラサワー,1109,0,16:21:59,
651,391: SNP,1151,0,17:01:53,
652,436: ISUGPT-turbo,1130,0,17:32:43,
653,883: kta1kri,1167,0,17:36:59,
654,873: ミャオミャオ,1002,0,17:40:53,
655,596: [object Object],1218,0,17:42:15,
656,663: Walhalla,1174,0,17:43:14,
657,30: RE: ゼロから始めるISUCON,1856,0,17:47:03,
658,749: mogemoge,1339,0,17:48:03,
659,990: MCTオイル,1486,0,17:48:58,
660,479: CARDマン,1175,0,17:50:08,
661,511: グラップラーPHP,1096,0,17:51:40,
662,914: わんわんお,3824,0,17:52:18,
663,208: pgk,1820,0,17:52:58,
664,44: NekoNekoRamen,2498,0,17:53:22,学生
665,578: 3grass,3732,0,17:53:32,
666,205: stand-alone,1322,0,17:53:33,
667,426: Washoku,4586,0,17:53:34,
668,229: らきゆき,4724,0,17:54:14,
669,716: そういうふうにできている,1905,0,17:54:40,
670,918: AIに仕事を奪われたい,1028,0,17:54:58,
671,628: おかか,1289,0,17:55:08,
672,326: 豆腐メンタル,920,0,17:55:17,
673,588: トドの国,940,0,17:55:29,
674,362: もこもこそふと,2229,0,17:56:04,
675,338: 半玉メロンソフトクリーム,2731,0,17:56:04,
676,930: チーム輩（ソロ）,4512,0,17:56:41,
677,496: サポートチーム,1190,0,17:56:43,
678,598: fugusuki,894,0,17:56:48,
679,462: 赤身,10216,0,17:56:49,
680,25: 釜中の鯖,7824,0,17:56:52,
681,185: 青海岸,3893,0,17:56:53,
682,737: 水野研,868,0,17:56:55,
683,951: 太郎,5770,0,17:57:03,
684,302: 極度いいかんじに(しなさい),1124,0,17:57:26,
685,134: shiron,1017,0,17:57:28,学生
686,324: EastLab,7344,0,17:57:34,
687,214: Xcodeしか勝たん！！iOSちゅきちゅきマリトッツォ♡,9915,0,17:57:35,
688,966: karupanerura,2728,0,17:57:35,
689,305: ナオガティ,17924,0,17:57:41,
690,260: berta block,6320,0,17:57:41,
691,457: gisan_202409,5718,0,17:57:42,
692,8: theorem,14996,0,17:57:43,
693,744: チームかずふ,4398,0,17:57:44,
694,97: N00b,6158,0,17:57:48,
695,321: にこにこ動物園,3824,0,17:58:00,
696,232: showwin,5013,0,17:58:08,
697,600: chokotouch,5281,0,17:58:10,
698,706: telecaster,1048,0,17:58:11,
699,375: とぉ〜れとっれぴぃ〜ちぴっち,6837,0,17:58:19,
700,282: KBM,4723,0,17:58:24,
701,450: motsu鍋,4530,0,17:58:24,
702,476: 現実ホビー部,1683,0,17:58:26,
703,148: black dragon,4809,0,17:58:31,
704,86: tkyktbt,1589,0,17:58:31,
705,46: 戦ELGANA,3831,0,17:58:31,
706,88: シバニャン,1186,0,17:58:31,
707,76: best effort,3070,0,17:58:34,
708,972: EveryBitCounts,2291,0,17:58:34,
709,167: asuken14,2944,0,17:58:35,
710,236: ちゃん,15259,0,17:58:36,
711,470: くまどや,15740,0,17:58:37,
712,34: shallowverse,4986,0,17:58:39,
713,688: GTO,899,0,17:58:39,
714,278: cat,7656,0,17:58:39,
715,81: へしこず,2652,0,17:58:40,
716,483: Xelmoph,3933,0,17:58:41,
717,919: ごろう,900,0,17:58:43,
718,252: 梅田アルコール倶楽部,6323,0,17:58:44,
719,809: FPGAでごめん,4928,0,17:58:47,学生
720,722: 紅葉谷オリーブ,7576,0,17:58:47,
721,678: Railsへの執着はもはや煩悩の域であり、開発者一同は瞑想したほうがいいと思います。,12663,0,17:58:49,
722,858: Ophiuchus_two,2984,0,17:58:50,
723,4: omedeto-kun,5354,0,17:58:50,
724,674: トリプルトルネード,8024,0,17:58:52,
725,934: 元同僚,3849,0,17:58:56,
726,705: 元同僚_最新_最終版コピー(3)_old決定版.xlsx,11416,0,17:58:57,
727,291: カレーおじさん,14577,0,17:58:59,
728,659: tomokon,5307,0,17:59:00,
729,217: SKKR,2534,0,17:59:02,
730,866: zoe,1704,0,17:59:03,
731,729: 桜ノ牧最高卍,3454,0,17:59:08,
732,66: mukonoso,4257,0,17:59:09,
733,750: えび,3131,0,17:59:10,
734,27: とりあえずモヒート,9526,0,17:59:12,
735,366: 35年ローン,6302,0,17:59:12,
736,627: 釜玉明太バターうどん,1130,0,17:59:13,
737,998: どすこいScalaクロマティーズ,1045,0,17:59:13,
738,227: ほりうち,4716,0,17:59:14,
739,407: モッハイバーヨー,4014,0,17:59:15,
740,18: ビット・プレイヤー,8348,0,17:59:15,
741,226: チームNALYSYS,20130,0,17:59:15,
742,73: oops,20377,0,17:59:16,
743,380: 郷に入ってはGoに従え,3096,0,17:59:17,
744,666: yagyu,13611,0,17:59:20,
745,961: ふんばり温泉チーム,9376,0,17:59:21,
746,492: aaaaaaaaaaaaaaaaa,1227,0,17:59:23,
747,98: INUCON 14(いい感じに猫を動かすコンテスト ワン!亖ャー),22257,0,17:59:23,学生
748,310: Oretamab2,7129,0,17:59:24,
749,928: ヌコ,18024,0,17:59:25,
750,469: 富ヶ谷飯店,7845,0,17:59:25,
751,892: 今から猛勉強して間に合わせるか,3666,0,17:59:27,
752,956: デ20,4410,0,17:59:28,
753,520: T-Lab,12736,0,17:59:30,学生
754,761: bocchi,1179,0,17:59:31,
755,652: R01,1110,0,17:59:32,
756,309: とんかつさくら,1642,0,17:59:32,
757,40: もやしし,7589,0,17:59:32,学生
758,75: FCCPC,23450,0,17:59:32,
759,408: piyo,8933,0,17:59:33,
760,16: Curl-Gotti,11192,0,17:59:34,
761,829: N次元ポケット,2500,0,17:59:37,
762,292: ケイビホース,1059,0,17:59:38,
763,115: ソレイユ,33198,0,17:59:40,
764,122: nisucon-bu,6536,0,17:59:41,
765,501: SHISUCON,6091,0,17:59:41,
766,973: チームモス,2992,0,17:59:41,
767,333: STUDIO,6589,0,17:59:41,
768,584: おちゃめ担当,10269,0,17:59:42,
769,909: dominosoft,4105,0,17:59:46,
770,975: console.log,8286,0,17:59:48,
771,90: nocusi,3012,0,17:59:48,
772,943: GCF,10946,0,17:59:49,
773,308: KST_20,1079,0,17:59:49,学生
774,549: iwamot solo,2377,0,17:59:50,
775,24: ナニモワカラナイ,28038,0,17:59:51,学生
776,299: チューニングパパ,12494,0,17:59:52,
777,767: h6g,5487,0,17:59:52,
778,586: (edited),8928,0,17:59:53,
779,275: むずかしい,18683,0,17:59:54,
780,31: OL001,5146,0,17:59:55,
781,233: よるのていおう,4536,0,17:59:55,
782,126: イーロンマック,7059,0,17:59:56,
783,642: chanyou,961,0,17:59:56,
784,265: どら焼き,2871,0,17:59:59,
785,11: kt,0,0,N/A,
786,56: nik,0,0,N/A,
787,162: 健康,0,0,N/A,
788,169: NSOK Co.,0,0,N/A,
789,174: Flagxs,0,0,N/A,
790,201: OptimizeOrDie,0,0,N/A,
791,210: saku,0,0,N/A,
792,294: HisuiLab,0,0,N/A,学生
793,352: sleepyfox,0,0,N/A,
794,367: s1ck h4ck,0,0,N/A,
795,404: TeamT,0,0,N/A,
796,497: と,0,0,N/A,
797,502: バサシタベタイ,0,0,N/A,
798,547: CIST IT COMMUNITY,0,0,N/A,学生
799,552: 開発環境、動け！開発環境！なぜ動かん！？,0,0,N/A,
800,563: The capital is 京都,0,0,N/A,
801,581: さよなら田浦,0,0,N/A,
802,583: nono,0,0,N/A,
803,602: キーマン不在,0,0,N/A,学生
804,605:00:00,0,0,N/A,
805,611: きゅうり,0,0,N/A,
806,616: LightningBlizzard,0,0,N/A,
807,624: Java Coffee,0,0,N/A,
808,625: akiba_rocket,0,0,N/A,学生
809,696: 46丁目,0,0,N/A,
810,701: 元祖長浜家,0,0,N/A,
811,732: grande,0,0,N/A,
812,748: オイスターズ,0,0,N/A,
813,772: うらにわのオクラ,0,0,N/A,
814,774: いなり寿司,0,0,N/A,
815,783: anko,0,0,N/A,
816,784: 春田花花幼稚園,0,0,N/A,学生
817,787: つーびー,0,0,N/A,学生
818,796: アイドル練習生,0,0,N/A,
819,802: 滑り込みチャーシュー氏,0,0,N/A,
820,823: しか,0,0,N/A,
821,841: 毎日進捗,0,0,N/A,
822,843: edamame_v3,0,0,N/A,
823,849: gannbaru,0,0,N/A,
824,884: ねこちゃんず,0,0,N/A,
825,890: ボンボンボンバイエ,0,0,N/A,
826,911: 単身赴任,0,0,N/A,
827,913: site,0,0,N/A,
828,915: へたれ48,0,0,N/A,
829,988: M.K ~孤独なISUCON~,0,0,N/A,
830,992: もんじゃ,0,0,N/A,
831,995: 眠れるパフォーマンスをアクティベイトせよ,0,0,N/A,